sample_index,factual_consistency,agreement_correctness,prediction_ok,confidence_ok,features_ok,jaccard_ok,agreement_expected,used_fallback
21023,True,True,True,True,True,True,high agreement,False
188530,True,True,True,True,True,True,high agreement,False
21821,True,True,True,True,True,True,low agreement,False
159435,True,True,True,True,True,True,high agreement,False
106820,True,True,True,True,True,True,low agreement,False
105423,True,True,True,True,True,True,high agreement,False
169863,True,True,True,True,True,True,low agreement,False
23023,True,True,True,True,True,True,low agreement,False
49090,True,True,True,True,True,True,high agreement,False
209148,True,True,True,True,True,True,low agreement,False
20538,True,True,True,True,True,True,low agreement,False
188230,True,True,True,True,True,True,low agreement,False
21393,True,True,True,True,True,True,low agreement,False
159532,True,True,True,True,True,True,low agreement,False
106809,True,True,True,True,True,True,low agreement,False
105242,True,True,True,True,True,True,low agreement,False
169935,True,True,True,True,True,True,low agreement,False
22614,True,True,True,True,True,True,low agreement,False
48827,True,True,True,True,True,True,low agreement,False
208985,True,True,True,True,True,True,low agreement,False
237044,True,True,True,True,True,True,low agreement,False
158860,True,True,True,True,True,True,high agreement,False
21175,True,True,True,True,True,True,low agreement,False
139699,True,True,True,True,True,True,high agreement,False
116233,True,True,True,True,True,True,high agreement,False
115267,True,True,True,True,True,True,high agreement,False
155014,True,True,True,True,True,True,high agreement,False
22727,True,True,True,True,True,True,low agreement,False
54400,True,True,True,True,True,True,high agreement,False
193890,True,True,True,True,True,True,high agreement,False
225141,True,True,True,True,True,True,high agreement,False
133824,True,True,True,True,True,True,high agreement,False
11592,True,True,True,True,True,True,low agreement,False
117802,True,True,True,True,True,True,low agreement,False
55798,True,True,True,True,True,True,low agreement,False
182723,True,True,True,True,True,True,low agreement,False
147649,True,True,True,True,True,True,low agreement,False
11733,True,True,True,True,True,True,high agreement,False
40468,True,True,True,True,True,True,high agreement,False
165040,True,True,True,True,True,True,high agreement,False
16897,True,True,True,True,True,True,high agreement,False
180241,True,True,True,True,True,True,high agreement,False
17157,True,True,True,True,True,True,low agreement,False
157161,True,True,True,True,True,True,high agreement,False
110210,True,True,True,True,True,True,low agreement,False
107587,True,True,True,True,True,True,high agreement,False
168397,True,True,True,True,True,True,low agreement,False
17555,True,True,True,True,True,True,low agreement,False
44477,True,True,True,True,True,True,low agreement,False
206809,True,True,True,True,True,True,high agreement,False
20596,True,True,True,True,True,True,high agreement,False
188833,True,True,True,True,True,True,high agreement,False
21238,True,True,True,True,True,True,low agreement,False
159048,True,True,True,True,True,True,low agreement,False
107877,True,True,True,True,True,True,low agreement,False
106782,True,True,True,True,True,True,low agreement,False
169900,True,True,True,True,True,True,low agreement,False
22482,True,True,True,True,True,True,low agreement,False
48560,True,True,True,True,True,True,low agreement,False
208860,True,True,True,True,True,True,high agreement,False
161767,True,True,True,True,True,True,high agreement,False
49054,True,True,True,True,True,True,high agreement,False
21965,True,True,True,True,True,True,high agreement,False
56091,True,True,True,True,True,True,high agreement,False
82963,True,True,True,True,True,True,high agreement,False
112196,True,True,True,True,True,True,high agreement,False
171644,True,True,True,True,True,True,high agreement,False
32901,True,True,True,True,True,True,high agreement,False
178291,True,True,True,True,True,True,high agreement,False
123229,True,True,True,True,True,True,high agreement,False
19758,True,True,True,True,True,True,low agreement,False
183892,True,True,True,True,True,True,low agreement,False
20241,True,True,True,True,True,True,low agreement,False
155332,True,True,True,True,True,True,low agreement,False
105747,True,True,True,True,True,True,low agreement,False
104342,True,True,True,True,True,True,low agreement,False
166702,True,True,True,True,True,True,low agreement,False
22440,True,True,True,True,True,True,low agreement,False
52192,True,True,True,True,True,True,low agreement,False
205458,True,True,True,True,True,True,high agreement,False
36415,True,True,True,True,True,True,low agreement,False
84999,True,True,True,True,True,True,low agreement,False
15210,True,True,True,True,True,True,high agreement,False
114134,True,True,True,True,True,True,low agreement,False
63536,True,True,True,True,True,True,low agreement,False
84816,True,True,True,True,True,True,low agreement,False
149010,True,True,True,True,True,True,high agreement,False
214033,True,True,True,True,True,True,high agreement,False
46308,True,True,True,True,True,True,low agreement,False
155157,True,True,True,True,True,True,low agreement,False
